sentenceid,index,KO,SP
P-PA-PS-01-0001,1,당신은 더 얘기하고 싶겠지만 저는 그 사람이랑 더 이상 얘기하고 싶지 않아요.,"A lo mejor tú quieres hablar más, pero yo no quiero hablar más con él. "
P-PA-PS-01-0002,2,선생님을 한번 믿고 너에게 알려준대로 공부해봐.,Confía en tu profesora y trata de estudiar como te he enseñado.
P-PA-PS-01-0003,3,이 박철수를 좀 믿어보세요.,"Confía en mí, por favor. "
P-PA-PS-01-0004,4,"(전화)
A: 여보세요.
B: 여보세요. 이은채씨 맞으시죠?
A: 네, 맞는데요.","A: Hola.
B: Hola. ¿Eres Eunchae Lee?
A: Sí, soy yo. "
P-PA-PS-01-0005,5,(전화) 좋은 오후입니다. Carlos 입니다.,(teléfono) Buenas tardes. Soy Carlos.
P-PA-PS-01-0006,6,"(전화) 안녕하세요, 스페인라틴아메리카연구소입니다. ","(teléfono) Instituto de estudios hispánicos, digáme. "
P-PA-PS-01-0007,7,"A: 우리 과제 주제 뭐하지? 
B: 좀 더 생각해보자.","A: ¿Qué tema del proyecto hacemos?
 B: Vamos a pensarlo más."
P-PA-PS-01-0008,8,"A: 민지야, 이제 잘 시간이네~ 우리 같이 자러갈까?
B: 싫어요. 저 더 놀래요. ","A: Minji, es hora de irse a dormir. ¿Vamos a dormir?
B: No, quiero jugar más. "
P-PA-PS-01-0009,9,여러분 질문이 많은건 좋은데 우리 질문 전에 손을 들고 질문할까요?,"Chicos, es bueno tener muchas preguntas, pero antes de preguntar ¿levantamos la mano, primero?"
P-PA-PS-01-0010,10,너희들은 아직 시험 두 파트를 할 한시간이 남아있어. 자 우리 해보자!,Tenéis una hora para hacer las dos partes del examen. ¡Empezamos!
P-PA-PS-01-0011,11,"A: 엘레나, 우리는 이혼을 하기로 했단다. 
B: 왜요? 아빠도 여기 동의 했나요? ","A: Elena, nos vamos a separar. 
B: ¿Por qué? ¿Papá también está de acuerdo?"
P-PA-PS-01-0012,12,"A: 자기야~
 B: 응? 왜 불렀어?","A: Cariño~
 B: ¿Sí? Dime. "
P-PA-PS-01-0013,13,"A: 조금 더 깎아주실래요?
B: 아이~ 자기한테는 싸게 판거야.","A: ¿Puedes dejármelo más barato?
B: Te lo estoy dejando al precio más bajo. "
P-PA-PS-01-0014,14,"A: 당신 뭔데 나에게 그런말을 합니까?
B: 당신이야말로 여기서 뭐하는거지? ","A: ¿Tú quién eres para decirme eso?
B: Lo mismo te digo. ¿qué haces aquí?"
P-PA-PS-01-0015,15,당신의 관심이 많은 아이들을 살릴 수 있습니다.,Tu interés salva vidas de niños.
P-PA-PS-01-0016,16,"안녕하세요, 이쪽은 제 친구 Pedro입니다. ","Hola, este es mi amigo, Pedro."
P-PA-PS-01-0017,17,"A: 지금 저에게 뭐하시는거에요?
B: 그쪽이 먼저 실수를 했잖아요.","A: ¿Por qué me haces eso ahora?
B: Tú me has faltado al respecto, primero. "
P-PA-PS-01-0018,18,"멍청아 더 얘기하지마, 나 좀 자자. ","No me hables más, idiota, que quiero dormir. "
P-PA-PS-01-0019,19,"A: 엄마는 더 놀기 싫은데 알리시아는 더 놀고 싶지. 
B: 네 엄마, 나 더 놀래요. ","A: Mamá no quiere jugar más, pero Alicia sí.  
B: Sí, mamá, Quiero jugar más. "
P-PA-PS-01-0020,20,"A: 알리시아 엄청 많이 먹었네. 배부르니? 
 B: 응, 엄마 나 너무 배불러요.","A: Alicia ha comido mucho. ¿Estás llena?
 B: Sí, mamá. Estoy muy llena."
P-PA-PS-01-0021,21,당신 지금 여기서 뭐하고 계세요? 얼른 집에 가요!,¿Qué hace usted aquí? ¡Váyase a casa rápido!
P-PA-PS-01-0022,22,"A: 당신이 내게 책임 없냐고 물어봤잖아요.
B: 지금 당신이라고 얘기했어요?
A: 그럼 당신이라고 하지 뭐라고 불러.
B: 이제 반말도 하네.","A: Tú me has preguntado si soy culpable.
B: ¿Me hablas de tú?
A: Sí, te hablo te tú ¿o cómo te hablo?
B: Ahora me estás hablando descortésmente. "
P-PA-PS-01-0023,23,자네 지금 뭐하나?,¿Qué haces ahora?
P-PA-PS-01-0024,24,학생은 지금 장학금을 알아보고 있는건가?,¿Ahora estás buscando información sobre becas?
P-PA-PS-01-0025,25,고객님은 카드 결제를 원하시는걸까요?,¿Usted quiere pagar con tarjeta?
P-PA-PS-01-0026,26,"안녕하세요, 좋은 오후이니다. 무엇을 도와드릴까요?","Hola, buenas tardes. ¿En qué puedo ayudarle?"
P-PA-PS-01-0027,27,"Pedro 교수님, 교수님은 뭐드시고 싶으세요?","Pedro, ¿qué quieres comer? "
P-PA-PS-01-0028,28,환자분은 앞으로 한달동안 술을 드시면 안됩니다.,No tienes que tomar alcohol durante un mes.
P-PA-PS-01-0029,29,"A: 왜 숙제를 벌써하니?
B: (엄마를 가리키며) 이분이 좀 엄하셔셔요~","A: ¿Por qué estás haciendo los deberes ya?
B: (Indicando a su madre) Esta, que es muy estricta. "
P-PA-PS-01-0030,30,"A: 왜 기분이 별로야?
B: (멀리 있는 남자친구를 가리키며) 쟤가 좀 지루해서~","A: ¿Por qué no pareces contenta?
B: (Indicando a su novio) Ese, que es un aburrido. "
P-PA-PS-01-0031,31,"A: 누가 네 사촌이야?
B: 저기, 노란 옷입은 사람. ","A: ¿Quién es tu primo?
B: Ese, el de amarillo. "
P-PA-PS-01-0032,32,"A: 누가 감독이야?
B: 저기 콧수염 있는 사람. ","A: ¿Quién es el director?
B: Aquel de la barba. "
P-PA-PS-01-0033,33,이것은 나의 책이고 저것은 교수님 책이에요.,Este es mi libro y aquel es el libro del profesor.
P-PA-PS-01-0034,34,이것은 시훈이의 가방이고 그것은 걔 친구 가방이에요.,Esta es la mochila de Sihun y esa es la de su amigo.
P-PA-PS-01-0035,35,나 지금 광화문이야. 이리로 와.,"Ahora yo estoy en Gwanghwamun, ven aquí. "
P-PA-PS-01-0036,36,"A: 나 지금 공항가려고..
B: 거기 가서 뭐하게? ","A: Ahora me voy al aeropuerto.
B: ¿Qué vas a hacer allí?"
P-PA-PS-01-0037,37,"A: 내 핸드폰 어디있지?
B: 저기 있어. 저기 가서 얼른 가져와. ","A: ¿Dónde está mi móvil?
B: Está ahí. Ve ahí y traélo ahora. "
P-PA-PS-01-0038,38,"A: 내 핸드폰 어디있지?
B: 여기 있어. ","A: ¿Dónde está mi móvil?
B: Aquí está. "
P-PA-PS-01-0039,39,"내 원룸은 가까운 Zona Rosa에 있어요, 20분정도 걸려요.","Mi estudio está aquí en la Zona Rosa, a sólo 20 minutos. "
P-PA-PS-01-0040,40,"미국은 많은 인구가 사는 큰 나라에요. 이 나라에는 실업률이 굉장히 많죠. 많은 우리 한국인들은 이 점에 대해 궁금증을 갖습니다. 비록 우리는 서울에 있지만, 미국의 실업률에 대해 논의해볼까요? ","Estados Unidos es un país muy grande con mucha población. Aquí en este país hay mucho desempleo y muchos de nosotros, los coreanos, tenemos mucha curiosidad de eso. Aunque estemos en Seúl, analicemos la tasa de desempleo en Estados Unidos."
P-PA-PS-01-0041,41,"얘야, 가까이 오지 마. 거기 있으렴. 30cm 거리는 유지하자.",Quietecito. No te me acerques más. Quédate ahí. Manten una distancia de 30 cm.
P-PA-PS-01-0042,42,아마 길 건너 거기 있는 Talpan 중학교에 갔을 수도 있어요.,Podría haber ido a la secundaria de Talpan que está ahí en la esquina de enfrente.
P-PA-PS-01-0043,43,거기 저 멀리 있는 마을로 가버리렴.,"Vete a un pueblito ahí, lejos, por ahí. "
P-PA-PS-01-0044,44,뻬드로는 그걸 모른다고 말했고 거기 바로 문제가 있습니다.,Pedro dice que no lo sabe y ahí está el problema.
P-PA-PS-01-0045,45,여기까지 말한 모든것을 강력히 주장하는 바입니다.,Insisto en todo lo que he dicho hasta aquí.
P-PA-PS-01-0046,46,그는 복권에 당첨되었고 거기서부터 그의 삶은 완전히 바뀌었습니다.,"Le tocó la lotería: a partir de ahí, su vida cambió por completo."
P-PA-PS-01-0047,47,나는 여기 이 방에서는 책 읽는 것을 좋아하고 거기선 그 램프와 함께 읽는것을 좋아합니다.,"Me encanta leer aquí en esta habitación, con esa lámpara ahí. "
P-PA-PS-01-0048,48,여기가 바로 그 방입니다.,Aquí es la habitación.
P-PA-PS-01-0049,49,이건 미국 지도야. 나는 특히 여기 뉴욕에서 살고 싶어.,"Es el mapa de Estados Unidos. Especialmente, quiero pasar vacaciones aquí, en Nueva York. "
P-PA-PS-01-0049,49,이건 미국 지도야. 나는 특히 여기 뉴욕에서 살고 싶어.,"Es el mapa de Estados Unidos. Especialmente, quiero pasar vacaciones allí, en Nueva York. "
P-PA-PS-01-0049,49,이건 미국 지도야. 나는 특히 여기 뉴욕에서 살고 싶어.,"Es el mapa de Estados Unidos. Especialmente, quiero pasar vacaciones ahí, en Nueva York. "
P-PA-PS-01-0050,50,그는 지금 거기 어딘가를 여행하고 있어요.,Él está por ahí viajando.
P-PA-PS-01-0051,51,더 가까이로 와.,Vente más acá.
P-PA-PS-01-0052,52,집은 강에서 더 멀리 있어요.,La casa está más allá del río.
P-PA-PS-01-0053,53,"(전화)
A: 너 집에 언제 오려고? 
B: 엄마 나 3시쯤 가!","(teléfono)
A: ¿Cuándo vuelves a casa?
B: Mamá, llegaré más o menos a las 3. "
P-PA-PS-01-0054,54,"A: 너 이따 뭐해?
B: 나 파티 가려고! 너도 올래? ","A: ¿Qué haces luego?
B: Voy a una fiesta. ¿Quieres venir?"
P-PA-PS-01-0055,55,내일 우리 학교 축제에 네 선물 가져갈게.,Mañana me voy a traer tu regalo a la fiesta de nuestra uni.
P-PA-PS-01-0056,56,나는 여기 있을래.,Me quedo aquí.
P-PA-PS-01-0057,57,나 물 좀 먹자. 얼른 갈게,"Dejáme tomar agua, vengo enseguida. "
P-PA-PS-01-0058,58,나는 버스를 기다리면서 그와 수다 떨고 있어.,Estoy charlando con él esperando el autobús.
P-PA-PS-01-0059,59,나는 내 아들을 위해 책을 두권 샀어요.,Compré dos libros para mi hijo.
P-PA-PS-01-0060,60,나는 너를 위해 빠에야를 요리할거야.,Voy a preparar paella para ti.
P-PA-PS-01-0061,61,"조금만 더 기다려, 나 거의 도착했어. ","Espera un poco más, ya llego. "
P-PA-PS-01-0062,62,나 지금 엄청 중요한 회의 중이야.,En este momento estoy en la reunion muy importante.
P-PA-PS-01-0063,63,지금 이 때를 즐겨야해.,Tenemos que disfrutar de este momento.
P-PA-PS-01-0064,64,"A: 어? 지금 텔레비전에 우리가 갔던 콘서트 영상이 나오네
B: 아 저때 진짜 재밌었는데, 근데 지금은 다시 안가고 싶긴 해.","A: Mira. Ahora en la tele esta saliendo un vídeo del concierto donde fuimos. 
B: En ese momento fue muy divertido, pero ahora no volvería a ir."
P-PA-PS-01-0065,65,우리는 Ana에 대해 얘기하고 있었는데 그 때 걔가 왔어.,Estábamos hablando de Ana y en ese momento llegó.
P-PA-PS-01-0066,66,1997년에 대학생활을 시작했는데 그 때 나는 일도 하고 있었다.,"Empecé la universidad en 1997. En aquel momento, estaba trabajando también. "
P-PA-PS-01-0067,67,그때 교수님이 했던 얘기 기억나?,¿Recuerdas lo que el profesor nos dijo en ese momento?
P-PA-PS-01-0068,68,접때 길에서 만난 그 남자 기억나?,¿Recuerdas a ese hombre que nos hemos encontrado en la calle antes?
P-PA-PS-01-0069,69,Pedro는 텔레비전을 보고 있었다. 이 때 갑자기 전화 벨이 울렸다.,"Pedro veía la television. En este momento, sonó el teléfono. "
P-PA-PS-01-0070,70,Pedro는 텔레비전을 보고 있었다. 그 때 갑자기 전화 벨이 울렸다.,"Pedro veía la television. En este momento, sonó el teléfono. "
P-PA-PS-01-0071,71,"A: 언제와? 급해!
B: 응 지금 가~","A: ¿Cúando vienes? ¡Tenemos prisa!
B: Ahora voy."
P-PA-PS-01-0072,72,"A: 더 얘기하고 싶은데 시간이 없네.
B: 언제 한번 또 얘기하자. ","A: Quiero hablar más, pero no tengo tiempo. 
B: Hablamos luego otra vez. "
P-PA-PS-01-0073,73,내일 더 공부할게요.,Mañana estudio más.
P-PA-PS-01-0074,74,"A: 대통령이 오늘 새로운 외교 정책을 발표했어. 
B: 오 맞아 나도 그거 들었어. ","A: Hoy el presidente ha anunciado una nueva medida diplomática. 
B: Ay, sí. Lo he oído también."
P-PA-PS-01-0075,75,"A: 내가 아까도 말했듯이 그건 내 잘못이 아니야. 
B: 난 그거 납득 못하겠는데","A: Como he dicho antes, eso no es por mi culpa. 
B: Yo no puedo aceptarlo. "
P-PA-PS-01-0076,76,너는 볼때마다 날씬해지네. 진짜 농담이 아니야.,Te veo cada vez más delgada. Y eso no es ninguna broma.
P-PA-PS-01-0077,77,음 이건 공정하지 않아요. 그리고 전 이것에 대해 얘기하려고 합니다.,"Pues no es justo, y de eso estoy hablando. "
P-PA-PS-01-0078,78,앞서 말씀하신 것은 저희에게 많은 가르침을 줍니다.,Lo dicho arriba nos enseña muchas cosas.
P-PA-PS-01-0079,79,이전에 말한 것은 문제의 주요 원인 중 하나에 관한 것이었어.,Lo anteriormente dicho es una de las principales causas del problema.
P-PA-PS-01-0080,80,너는 영어로 말하면 항상 실수를 많이하는데 그게 진짜 문제야.,"Siempre te equivocas mucho al hablar en inglés, y ese es el problema. "
P-PA-PS-01-0081,81,범인은 그의 존재를 알아야합니다. 그것만이 어떤 무시할 수 없는 강력한 무기이자 보호로 작용할 것입니다.,"El delicuente debe conocer su existencia, para que esto se convierta en una protección, en un arma disuasiva. "
P-PA-PS-01-0082,82,"그 말씀하신 그거요, 거의 항상 저는 그런 것에서 실수를 해요. ","Dicho esto, casi siempre me equivoco en este tipo de cosas."
P-PA-PS-02-0083,83,Juan은 배가 고파서 바나나 하나를 먹었어요.,Juan se comió un plátano porque tenía hambre.
P-PA-PS-02-0084,84,Juan은 바나나 하나가 다 익어서 그걸 먹었어요.,Juan se comió un plátano porque estaba maduro.
P-PA-PS-02-0085,85,Juan은 점심 시간이어서 바나나 하나를 먹었어요.,Juan se comió un plátano porque era la hora de almorzar.
P-PA-PS-02-0086,86,Juan은 성숙하기 때문에 그 말을 무시했어요.,Juan pudo ignorar esas palabras porque era maduro.
P-PA-PS-02-0087,87,Alicia는 쇼핑몰에 갔을 때 그 마블 셔츠를 샀어요.,Alicia compró esa camiseta de Marvel cuando fue al centro comercial.
P-PA-PS-02-0088,88,Alicia는 그 마블 셔츠가 할인할때 그걸 샀어요.,Alicia compró esa camiseta de Marvel cuando estaba en rebajas.
P-PA-PS-02-0089,89,Alicia는 비가 많이 올 때 그 마블 셔츠를 샀어요.,Alicia compró esa camiseta de Marvel cuando llovía mucho.
P-PA-PS-02-0090,90,Sofía는 매우 부자여서 항상 그 비싼 레스토랑에서 프랑스 음식을 저녁으로 먹는다.,Sofía siempre cena comida francesa de ese restaurante muy caro porque es muy rica.
P-PA-PS-02-0091,91,Sofía는 항상 그 비싼 레스토랑에서 프랑스 음식을 저녁으로 먹는다. 왜냐하면 그 프랑스 음식이 매우 맛있기 때문이다.,Sofía siempre cena comida francesa de ese restaurante muy caro porque está muy rica.
P-PA-PS-02-0092,92,María는 매우 개방적이어서 성인용품점에 들어가는데 전혀 망설이지 않았다.,María no dudó en entrar a la tienda de productos para adultos porque es abierta.
P-PA-PS-02-0093,93,María는 문이 열려있었기 때문에 성인용품점에 들어가는데 전혀 망설이지 않았다.,María no dudó en entrar a la tienda de productos para adultos porque está abierta.
P-PA-PS-02-0094,94,Ana는 수영복이 필요하다고 생각하지 않았기 때문에 여행에 안가져갔어요.,Ana no llevó su bañador en el viaje porque no creía que le hiciera falta.
P-PA-PS-02-0095,95,Ana는 딸이 수영복이 필요할거라고 생각하지 못해서 여행에 안가져갔어요.,Ana no llevó su bañador en el viaje porque no creía que le hiciera falta a la niña.
P-PA-PS-02-0096,96,Juan 그 개자식은 일에 도착하자마자 루머를 퍼트리기 시작했어.,Tan pronto como llegó Juan al trabajo el cabrón empezó a contrar rumores.
P-PA-PS-02-0097,97,Juan은 일에 도착하자마자 루머를 퍼트리기 시작했어.,Tan pronto como llegó Juan al trabajo empezó a contrar rumores.
P-PA-PS-02-0098,98,Juan 그 애는 일에 도착하자마자 루머를 퍼트리기 시작했어.,Tan pronto como llegó Juan al trabajo ese chico empezó a contar rumores.
P-PA-PS-02-0099,99,"빛이 길을 훑고 지나갈 때, 그리고 아마 그것과 대조되어 내부의 어둠과 대성당의 공허함이 매우 인상 깊었다. ","Al pasar de la luminosidad de la calle, y tal vez por contraste con ella, impresionaba la oscuridad interior y el vacío de la Catedral, en la que apenas había a la vista cuatro o cinco personas."
P-PA-PS-02-0100,100,마리아는 암탉이 하나 있어서 그걸로 스프를 했어. 그리고 그걸 보온병에 넣었지. 보온병에..,"María tenía gallina, hizo un caldo, lo puso en un termo, en un termo. Yo tenía sesos, unas cabezas. Y los sesos los hice huecos y unas tortillas, resumiendo que preparamos la comida. "
P-PA-PS-02-0101,101,그리고 우리 셋이 가자.. 그러니까 María Jesús랑 Patricio.. 항상 걔네는 최상의 방에만 가..  Paticio가 매일매일 운전을 하니까 좀 쉴수 있게 하려고. 그리고 그 우리 방에 애들.. 그 침대 하나는 걔네가 쓰고 다른건 우리가 써.,"…Y vamos los tres o sea María Jesús y Patricio y van siempre a las mejores habitación o sea que para que pudieran descansar porque Patricio tenía que estar todos los días bastantes horas, conduciendo. Los chicos en nuestra habitación, una cama para ellos, otra para nosotros..."
P-PA-PS-02-0102,102,"A: 내일 발렌시아 어느 동네에서 축구 경기 있대. 
B: 축구경기? 어디서? 베니마클렛? 어느 팀이랑? 
A: 어딘지는 몰라. 내 친구 하나가 나한테 말해줬어. 근데 저번에는 거기였어. ","A: Mañana hay un partido de fútbol en un barrio de Valencia. 
B: ¡El partido de fútbol! ¿Y dónde? ¿en Benimaclet? ¿Cón qué equipo?
A: No sé dónde es. Me lo ha dicho un amigo mío. Pero el otro día fue ahí. "
P-PA-PS-02-0103,103,"A: 내일 발렌시아 어느 동네에서 축구 경기 있대. 
B: 축구경기? 어디서? 베니마클렛? 
A: 경기는 거기서 하는데 어느 팀이랑 하는지는 몰라. ","A: Mañana hay un partido de fútbol en un barrio de Valencia. 
B: ¡El partido de fútbol! ¿Y dónde? ¿en Benimaclet? ¿Cón qué equipo?
A: Es en Benimaclet pero no sé con quién es. "
P-PA-PS-02-0104,104,"A: 나 니 계좌로 돈 보냈어.
B: 나 그거 필요없어. 엄마한테 쓰라고 해. 아빠가 나 몰래 술 먹게 두지 말고. 알겠지? 그 돈 아빠가 쓰게 하지마. ","A: He traspasado dinero a tu cuenta.
B: No lo necesito. Dile a mamá que lo utilice. No dejes que papá beba en mi ausencia, ¿vale? No dejes que lo utilice. "
P-PA-PS-02-0105,105,"A: 안에 해산물 있어요? 
B: 해산물이랑.. 해산물이 아닌것도 있죠. 
A: 해산물 아닌게 뭔데요? 
B: 하하 그 수수께기 한번 맞춰봐요","A: ¿Hay marisco dentro?
B: Marisco y … lo que no es marisco. 
A: Ah… Y ¿qué es lo que no es marisco?
B: Jaja, adivina el acertijo. "
P-PA-PS-02-0106,106,고려대학교로 가는 중이었어요. 거기에서 친구를 만나기로 했거든요.,Estoy de camino a la Universidad de Corea. He quedado con mi amigo ahí.
P-PA-PS-02-0107,107,유하유럽 어떤 나라에서 유학했어.  그리고 걔 한국에서 취직 했을걸?,Yuha estudió arte en un país en Europa y volvió. Y probablemente consiguió un trabajo aquí en Corea.
P-PA-PS-02-0108,108,유하 유럽의 어떤 나라에서 유학했어. 아마.. 프랑스일건데 잘은 몰라.,"Yuha estudió en un país en Europa y volvió. Probablemente es Francia, pero no estoy segura. "
P-PA-PS-02-0109,109,"A: 나 내일 경찰서 가서 성범죄경력조회회신서 받아야해.
B: 그거 인터넷으로는 안돼? 꼭 경찰서 가야해?
A: 몰라. 그냥 가서 하는게 편하겠더라고..
B: 내일 너 바쁜데 거기까지 또 언제가냐..","A: Mañana tengo que ir a la policía para solicitar el certificado de delitos sexuales. 
B: ¿No se puede hacer en internet? ¿Hay que ir allí?
A: No sé. Parece más cómodo ir allí directamente. 
B: Mañana estás muy ocupado y ¿cómo podrás ir allí?"
P-PA-PS-02-0110,110,와 너네 음식을 왜이리 많이 준비했어? 다 내가 좋아하는 것들이네!,¿Por qué habeís preparado tanta comida? ¡Me gusta todo!
P-PA-PS-02-0111,111,저기 고양이 세마리 있는 곳에 책이 두 권 있는데 거기서 맘에 드는 것 골라봐.,Hay dos libros donde hay tres gatos y elige el libro que quieras.
P-PA-PS-02-0112,112,Juan이 María랑 헤어졌다고? 그것 참 안된 일이다.,¿Juan ha roto con María? Es una pena.
P-PA-PS-02-0113,113,"축구 경기장에 핸드폰이 두개가 있는데, 그중 하나가 후안의 것이야? ",Hay dos móviles en el estadio de fútbol. ¿Uno de los dos es el de Juan?
P-PA-PS-02-0114,114,너네 되게 많은 음식들을 들고 왔네! 진짜 다 모두 반갑다.,Habéis traído mucha comida. Me alegro de veros a todos.
P-PA-PS-02-0115,115,장난감을 들고 있는 남자아이가 자네 손주인가? 그것 참 귀엽구만.,¿El niño con el juguete es tu nieto? ¡Qué lindo!
P-PA-PS-02-0116,116,장난감을 들고 있는 남자아이가 자네 손주인가? 그거 진짜 비싸보이네.,¿El niño con el juguete es tu nieto? Parece que es muy caro.
P-PA-PS-02-0117,117,저 고양이가 네 고양이야? 그것 참 까맣다.,¿Ese gato es tu gato? Es muy negro.
P-PA-PS-02-0118,118,거기 있던 셋 다 그 얘기를 듣고 화가 났어요.,Los tres que estaban allí se enfadaron mucho al escuchar esa historia.
P-PA-PS-02-0119,119,우리 딸은 거기 가서 고작 가방 하나 사왔더라.,Mi hija compró solo una mochila cuando fue allí.
P-PA-PS-02-0120,120,아니 너 그렇게 옷을 많이 샀으면서 이 겨울에 입을건 두개밖에 없어?,¿Tienes solo dos prendas aunque has comprado tantas?
P-PA-PS-02-0121,121,그 가게에 그림들도 진짜 많고 책들도 진짜 많았는데 나는 한권만 사왔어요.,Había muchos dibujos y muchos libros en esa tienda pero compré solo un libro.
P-PA-PS-02-0122,122,그 공원에 강아지들도 많고 사람들도 많았는데 나는 그 중 한명에게 길을 물어봤어요.,"Había muchos perros y muchas personas en ese parque, y pregunté la dirección a una. "
P-PA-PS-02-0123,123,그는 두개의 자켓과 두개의 신발을 가지고 있는데 그 중 한 자켓을 노숙자에게 줬어요.,"Tenía dos chaquetas y dos pares de zapatos, y le dio una a un vagabundo. "
P-PA-PS-02-0124,124,그는 두개의 자켓과 두개의 신발을 가지고 있는데 그 중 신발 한켤레를 노숙자에게 줬어요.,"Tenía dos chaquetas y dos pares de zapatos, y le dio uno a un vagabundo. "
P-PA-PS-02-0125,125,나는 커피 세잔과 쿠키 세개를 시켰는데 그 중 하나가 잘못 나왔어요.,"He pedido tres cafés y tres galletas, pero me ha dado uno mal. "
P-PA-PS-02-0126,126,저 강아지 진짜 말처럼 달리네.,Ese perrito corre como un caballo.
P-PA-PS-02-0127,127,어제 본 그 영화 생각보다 별로더라.,La película que vimos ayer era peor de lo que pensaba.
P-PA-PS-02-0128,128,요즘 인기있는 영화 많은데 어제 본 그 영화는 그 중 최악이었어.,"Hoy en día hay muchas películas populares, pero esa película que vimos ayer era peor que las otras. "
P-PA-PS-02-0129,129,나는 애가 세명인데 그 중에 첫째가 가장 똑똑해.,Tengo tres niños y el mayor es el más inteligente.
P-PA-PS-02-0130,130,네가 뭘 좋아할지 몰라서 내가 가진거 다가지고 왔어.,"No sabía qué te gustaba, por eso llevo todo lo que tengo. "
P-PA-PS-02-0131,131,네가 파스타랑 피자를 좋아한다길래 둘 다 준비했어.,"He oído que te gustan la pasta y la pizza, por eso he preparado los dos. "
P-PA-PC-01-0132,132,조용히 좀 해주실수 있나요?,"¿Te puedes callar, por favor?"
P-PA-PC-01-0133,133,나랑 영화관 가자.,Vente al cine conmigo.
P-PA-PC-01-0134,134,나랑 영화관 가는게 어때?,¿Por qué no vienes al cine conmigo?
P-PA-PC-01-0135,135,나는 오늘 밤에 네가 나랑 영화관 가는걸 어떻게 생각하는지 물어보고 싶었어.,Quería preguntarte si tenías ganas de ir al cine conmigo esta noche.
P-PA-PC-01-0136,136,그 상자 드는걸 혹시 도와주시는게 가능할까요?,¿Sería posible que me ayudaras con esa caja?
P-PA-PC-01-0137,137,당신을 방문하는게 좋은 아이디어일지도 모른다고 생각했어요.,Supongo que quizá sería una buena idea ir a visitarle.
P-PA-PC-01-0138,138,너에게 부탁한걸 가져오는걸 잊어버린거야. 그렇지?,"Se te habrá olvidado traer lo que te pedí, ¿no?"
P-PA-PC-01-0139,139,아주 잠깐만 저랑 얘기를 나눌 수 있는지 좀 여쭤보고 싶었어요.,Te quería preguntar si tienes un ratito para hablar conmigo.
P-PA-PC-01-0140,140,"감독님, 제 생각에는 그렇게 하면 안될 것 같습니다. ","No creo que se debería hacer eso, señor director. "
P-PA-PC-01-0141,141,"번거롭게 해드려서 정말 죄송한데요, 저에게 이 보고서를 보여주실 수 있나요? ","Odio tener que molestarte, pero ¿me podrías mirar este informe? "
P-PA-PC-01-0142,142,문을 닫을 때 조심히 닫아주셔야 할거 같아요.,Se debería tener más cuidado al cerrar la puerta.
P-PA-PC-01-0143,143,승객여러분들은 이륙하거나 착륙할때 자리에 앉아 안전벨트를 꼭 메주셔야 합니다.,Los pasajeros deben asegurarse de que llevan puesto el cintruón de seguridad al despegar y al aterrizar.
P-PA-PC-01-0144,144,,"Tienes cara de ser una persona generosa. ¿Me puedes prestar un poco de plata, por favor?"
P-PA-PC-01-0145,145,너 단거 먹는거 엄청 좋아하니까 우리 커피랑 조각 케이크를 하나 먹자.,"Como sé que te gustan tanto los dulces, tomemos un pastelito con el café. "
P-PA-PC-01-0146,146,니네 진짜 엄청 좋고 큰 집에 사는구나!,¡Tenéis una casa preciosísima y grandísima!
P-PA-PC-01-0147,147,자기야 물 한병만 가져다줘.,"Tráeme un vaso de agua, cariño. "
P-PA-PC-01-0148,148,,"A: ¿A qué hace frío en la habitación?
B: Sí hace un poquito de frío. "
P-PA-PC-01-0149,149,"A: 이해 하셨나요 아니면 못하셨나요? 
B: 대충 했어요. ","A: ¿Lo comprendes o no?
B: Más o menos. "
P-PA-PC-01-0150,150,우리 둘이 함께 가는게 좋은 아이디어라고 생각하지 않니?,¿No crees que es una buena idea que vayamos los dos juntos?
P-PA-PC-01-0151,151,,"¿Y si ""ataco"" la tortilla de patatas? "
P-PA-PC-01-0152,152,저는 당신이 이러한 종류의 회의를 좋아하지 않는걸 알고있지만 그래도 와주시길 부탁드립니다.,"Sé que no eres muy aficionada a las reuniones de este tipo, pero hazme el favor de venir. "
P-PA-PC-01-0153,153,"Iris, 너 공부하는거 끝나면 너랑 놀아줄게. ","Jugaré contigo cuando termines de estudiar, Iris. "
P-PA-PC-01-0154,154,나는 네가 나에게 차를 빌려줘도 상관없다고 생각해.,Estoy seguro de que no te importará prestarme el coche.
P-PA-PC-01-0155,155,일을 엄청 많이 했으니 우리 잠시만 쉴까요?,¿Nos tomamos un descansito después de tanto trabajo?
P-PA-PC-01-0156,156,내가 어제 너를 도왔으니 오늘은 네가 되갚아줄 차례야.,"Como te eché una mano ayer, hoy me puedes devolver el favor. "
P-PA-PC-01-0157,157,"A: 엄마는 네가 공부를 열심히 해서 좋은 대학에 갔으면 좋겠어. 노래는 대학에 가서 취미로 하자. 
B: 엄마 나는 노래가 너무 좋아서 가수가 되고 싶어.","A: Mamá quiere que entres a una buena universidad estudiando mucho. Ya cantarás como pasatiempo
después de que hayas empezado la universidad. 
B: Mamá, quiero ser cantante porque me gusta mucho cantar. "
P-PA-PC-01-0158,158,"A: 은채야 너 오늘 수업 끝나고 뭐해? 
B: 특별한거 없어. 왜? 
A: 오늘 내 생일이라서 파티할건데 네가 와주면 좋을거 같아. ","A: Eunchae, ¿qué haces después de la clase?
B: Nada especial. ¿Por que?
A: Como hoy es mi cumpleaños, tengo una fiesta y me gustaría que vinieras. "
P-PA-PC-01-0159,159,"저 죄송한데요, 거기 있는 펜 좀 주시겠어요? ","Perdón, ¿podrías pasarme esa pluma de allí?"
P-PA-PC-01-0160,160,연락이 안되네. 전화 좀 해야겠다.,No contesta. Tienes que llamarle.
P-PA-PC-01-0161,161,"저 죄송한데요, 말씀 좀 여쭐께요. ","Perdona, pero quiero preguntarte algo. "
P-PA-PC-01-0162,162,"A: 나 오늘 시험에 떨어졌어. 
B: 그래? 그렇지만 열심히 노력했으니 다음 번에는 붙겠다. ","A: Hoy he suspendido el examen. 
B: ¿Ah sí? Pero lo has intentado mucho, por eso seguro que aprobarás el siguiente examen. "
P-PA-PC-01-0163,163,또 큰 수술을 성공적으로 끝냈다고 들었네. 우리 병원에서 자네 아니면 누가 또 그런 수술을 하겠나?,He oído que otra vez realizaste una operación muy grande. ¿Quién podría hacerlo en nuestro hospital si no tú?
P-PA-PC-01-0164,164,안녕하세요? 어르신. 뭐 하나 여쭤봐도 될까요?,"Hola, señor. ¿Puedo preguntarle algo? "
P-PA-PC-01-0165,165,"A: 언니 생각엔 어떤게 더 나아요? 
B: 파란색이 어머니한텐 더 잘 어울리는거 같아요. ","A: ¿Cuál crees que me queda mejor? 
B: Creo que la azul le queda mejor. "
P-PA-PC-01-0166,166,"A: 나는 NCT 127이 부른 그 노래를 진짜 좋아해. 
B: 나도 들어봤는데...근데 그거 NCT드림이 부른걸걸요. ","A: Me encanta la canción de NCT127. 
B: La he oído también… pero a lo mejor es de NCT DREAM. "
P-PA-PC-01-0167,167,"A: 내 생각엔 이교수님이 그걸 아셔. 
B: 이 교수님은 그걸 모를텐데...","A: Creo que el Prof. Lee ya lo sabe. 
B: Quizás no lo sepa…. "
P-PA-PC-01-0168,168,왜 벽에 낙서했니?,¿Por qué has garabateado la pared?
P-PA-PC-01-0169,169,"A: 빠에야 맛이 어때? 내가 만들었는데. 
B: 진짜 맛있어. 스페인에서 먹는거 같아.  ","A: ¿Qué tal sabe la paella? La he preparado yo. 
B: Muy rica. Es como si estuviera comiendo en España. "
P-PA-PC-01-0170,170,"A: 뭐 이런걸 다 준비했어? 안그래도 되는데...
B: 별거 아니야. ","A: ¿Por qué has preparado tanta cosa? No es necesario…
B: No es nada especial. "
P-PA-PC-01-0171,171,제가 이걸 받아도 되는지 모르겠어요.,No estoy seguro de si puedo recibir esto.
P-PA-PC-01-0172,172,"A: 박사학위 받은거 축하해. 
B: 감사합니다. 교수님 덕분에 무사히 마쳤어요. ","A: Felicidades por doctorarte. 
B: Muchas gracias. Gracias a usted, he podido terminar bien. "
P-PA-PC-01-0173,173,차린건 없지만 많이 드세요.,Que aproveche aunque no sea tanto.
P-PA-PC-01-0174,174,"A: 뭘 이렇게 많이 준비했어요? 
B: 한다고 했는데.. 맘에 드실지 모르겠네요. ","A: ¿Por qué has preparado tantas cosas? 
B: Lo he intentado mucho… pero no estoy segura de si te gustarán. "
P-PA-PC-01-0175,175,"A: 차 진짜 좋아 보인다. 
B: 좋기는.. 새 차라서 좋아 보이는거야. ","A: Tu coche parece genial. 
B: No tan genial, solo es nuevo. "
P-PA-PC-01-0176,176,"A: 네 남자친구 진짜 잘생겼다. 
B: 잘생기기만 하면 뭐해? 성격이 좋아야지. ","A: Tu novio es muy guapo. 
B: ¿Por qué es importante si es guapo? Lo importante es tener una buena personalidad."
P-PA-PC-01-0177,177,"A: 어제 사고는 정말 죄송했습니다. 제가 너무 급하게 운전했어요. 
B: 아닙니다. 사람 안다쳤으면 됐죠. ","A: Siento mucho lo del accidente de ayer. Yo conducía de prisa. 
B: No pasa nada, nadie resultó herido"
P-PA-PC-01-0178,178,저를 믿고 그 일을 맡겨주셔서 감사합니다.,Muchas gracias por confíar en mí y encargarme ese trabajo.
P-PA-PC-01-0179,179,너 프로젝트 끝냈어? 진짜 부럽다.,¿Has terminado el proyecto? Te envidio mucho.
P-PA-PC-01-0180,180,"A: 교수님 늦어서 죄송해요. 
B: 아니야, 나도 방금 왔어. 괜찮아. ","A: Siento llegar tarde. 
B: Tranquilo, llegué hace un ratito también. Está bien. "
P-PA-PC-01-0181,181,"A: 학원에 왜 안갔어? 너 진짜 이럴거야? 
B: 그 학원 다니기 싫다고 말씀드렸는데요. ","A: ¿Por qué no has ido a la academia? ¿Por qué te comportas así?
B: Ya te he dicho muchas veces que no quiero ir a esa academia. "
P-PA-PC-01-0182,182,"A: 누구 찾아요? 
B: 혹시 그 멕시코에서 온 Juan 아세요? 
A: 아.. 모르는데.. 왜? ","A: ¿A Quién estás buscando?
B: A lo mejor.. ¿conoces a Juan, que viene de México?
A: Ah.. no sé.. pero ¿por qué?  "
P-PA-PC-01-0183,183,"A: 팀장님. 건강은 좀 괜찮으세요? 
B: 응 근데 그 일본 수출건은 어떻게 됐어? 
A: 복귀하시자마자 일 생각 뿐이시네요. ","A:Señor director.. ¿ahora se encuentra ya bien? 
B: Sí, pero ¿qué ha pasado con lo de la exportación a Japón?
A: Nada más llegar y ya piensa en trabajo"
P-PA-PC-01-0184,184,주민 여러분께 알려드립니다. 오늘은 재활용 쓰레기를 버리는 날입니다. 각 동 앞에 설치된 쓰레기장에 재활용을 버려주시기 바랍니다.,Atención vecinos. Hoy es el día de recogida de reciclaje. Tiren los residuos en el contenedor instalado delante de cada edificio.
P-PA-PC-01-0185,185,"A: 수상을 축하드립니다. 
B: 저는 많은 스텝들이 차린 밥상에 밥숟가락만 얹었을 뿐입니다.","A: Felicidades por recibir premio. 
B: Yo solo he puesto mi granito de arena en la producción"
P-PA-PC-01-0186,186,"A: 몸이 많이 불편해서 오셨어요?
B: 네. 기침을 많이 해서요. ","A: ¿Viene porque no se encuentra bien?
B: Sí. Tengo mucha tos."
P-PA-PC-01-0187,187,"A: 진작 감사 인사를 드리러 찾아뵀어야 하는데 너무 늦었습니다. 
B: 아유 아니에요. 수상 축하드려요. ","A: Siento venir tan tarde; quería haber venido antes a agradecérselo.  
B: Tranquila. Felicidades por recibir premio. "
P-PA-PC-01-0188,188,"A: 아니 아빠 왜이렇게 용돈을 많이 줬어?
B: 아빠가 우리딸 너무 이뻐서~","A: Ay, papá, ¿por qué me has dado tanto dinero? 
B: Porque eres muy cariñosa~"
P-PA-PC-01-0189,189,"A: 똑똑한 아들 둬서 기분이 좋으시겠어요~
B: 아유 난 한것도 없는데.. 지가 알아서 컸죠. ","A: Estarás muy contenta con un hijo tan inteligente. 
B: Yo no he hecho nada…. él es así. "
P-PA-PC-01-0190,190,"A: 안녕하세요. 무엇을 도와드릴까요?
B: 갤럭시S24를 사려고 하는데요. ","A: Hola. ¿En qué puedo ayudarle?
B: Quiero comprar un GALAXY S24. "
P-PA-PC-01-0191,191,"A: 네 딸 진짜 점점 이뻐진다. 
B: 아유 별 말씀을요. ","A: Tu hija se está poniendo cada vez guapa. 
B: Ay, no me digas. "
P-PA-PC-01-0192,192,"A: 저.. 죄송한데.. 여기가 문과대학 건물인가요? 
B: 아 네. 
A: 그럼 혹시 서어서문학과 사무실도 여기에 있어요? 
B: 아 잘 모르겠는데요. ","A: Eh… perdón… ¿aquí es el edificio de la facultad de artes liberales? 
B: Ah, sí. 
A: Entonces, a lo mejor, ¿aquí está también la oficina del departamento de literatura y lingüística españolas?
B: Ah.. eso no lo sé. "
P-PA-PC-01-0193,193,"A: 감사합니다. 신세진걸 어떻게 보답하죠. 
B: 아닙니다. 전 그냥 제 일을 한것일 뿐입니다. ","A: Muchas gracias. ¿Cómo te lo puedo paga?
B: Tranquila. Yo hago solo mi trabajo. "
P-PA-PC-01-0194,194,"A: 지금 몇시지?
B: 죄송합니다.",A: ¿Qué hora es ahora?   B: No lo sé. Lo siento.
P-PA-PC-01-0195,195,"A: 도쿄는 한국 도시야. 그렇지?
B: 그럼 로마는 스페인 도시지. ","A: Tokio es una ciudad de Corea. 
B: Claro y entonces Roma es una ciudad de España. "
P-PA-PC-01-0196,196,"A: Alicia는 어떤 선수야?
B: Alicia는 진짜 물고기야. ","A: ¿Cómo es la nadadora Alicia? 
B: Es un pez. "
P-PA-PC-01-0197,197,"A: 내가 우리 학교에서 제일 이뻐.
B: 그럼 나는 우리나라 대통령이지. ","A: Eres la más guapa en nuestro cole. 
B: Claro y entonces también soy la presidenta del país. "
P-PA-PC-01-0198,198,"A: 너 노래하는거 잘 들었어. 좀 하대?
B: 좀 하죠.   ","A: He oído que has cantado. Has cantado fatal, ¿no' 
B: Sí, muy mal. "
P-PA-PC-01-0199,199,"A: 우리 차 기름이 다 떨어졌어. 
B: 여기서 200m만 더 가서 우회전 해","A: Ya casi no queda gasolina. 
B: Sigue 200 metros más y gira a la derecha. "
P-PA-PC-01-0200,200,"A: 너 무슨 책 읽고 있니? 
B: 그냥 읽고 있어요. ","A: ¿Qué libro estás leyendo? 
B: Un libro."
P-PA-PC-01-0201,201,"A: 제가 준비한 파티는 즐거웠나요? 
B: 음식도 너무 맛있었고, 사람도 너무 많았고, 노래도 흥겨웠고 그랬어요. ","A: ¿Te lo pasaste bien en mi fiesta? 
B: La comida era buenísima, había muchas personas y las canciones eran muy emocionantes. "
P-PA-PC-01-0202,202,"A: Juan은 진짜 개새끼야. 
B: 아 오늘 날씨 진짜 좋네. 너 밥 먹었어?  ","A: Juan es de puta madre. 
B: Hoy hace muy buen tiempo. ¿Has almorzado?"
P-PA-PC-01-0203,203,"A: 시험 잘 봤니? 
B: 엄마 오늘 뭐 먹을까?","A: ¿Qué tal tu examen de hoy? 
B: Mamá, ¿qué hay hoy de comer?"
P-PA-PC-01-0204,204,"A: 엄마 나 티비봐도 되나요? 
B: 너 어제 본 시험 점수가 몇점이었지?","A: Mamá, ¿puedo ver la tele? 
B: ¿Qué nota sacaste en el examen de ayer??"
P-PA-PC-01-0205,205,"A: 어제 내 남자친구가 BTS의 노래를 불러줬어. 
B: 잘 불렀어? 
A: 어제 BTS 콘서트에 가서 노래를 직접 듣는거 같았지. ","A: Ayer, mi novio me cantó una canción de BTS. 
B: ¿La cantó bien?
A: Como si estuviera en un concierto de BTS."
P-PA-PC-01-0206,206,"A: 너 그 꽃 Ana에게 주려고 산거지? 
B: 아니.. 음… 이 근처에 엄마가 있어서 엄마한테 줄겸..뭐 근처에 온김에 …","A: ¿Compraste esa flor para Ana? 
B: No… pues… mi mamá está cerca de aqui, es para ella... pero como ana está cerca también..."
P-PA-PC-01-0207,207,"A: 엄마, 나는 그 전쟁지역에 가서 사람들을 도우려고 해요. 
B: 너 그거 자살 행위야! 차라리 엄마를 죽이겠다고 그래!","A: Mamá, quiero ir a ese lugar donde hay guerra y ayudar a los refugiados. 
B: ¡Ese viaje es un suicido! ¡Me vas a matar!"
P-PA-PC-01-0208,208,"A: 나 어제 네가 다른 남자아이랑 키스하는걸 봤다. 
B: 뭐라구요? 
A: 끔찍하더구나. 마치 괴물을 본것 같았다. ","A: Ayer te vi besándote con otro chico.
B: ¿Qué? 
A: Fue horrible. Pensaba que estaba viendo un monstruo."
P-PA-PC-01-0209,209,"A: 따님이 스트레스로 자살했다구요?
B: 네.. 
A: 원인이 직장 내 상사의 괴롭힘이라고 들었어요. 
B: 그 괴물이 내 딸을 죽였나요? ","A: ¿Tu hija se suicidó por estrés?
B: Sí…
A: He oído que fue por el acoso de su compañero. 
B: ¿Ese monstruo es el que mató a mi hija?"
P-PA-PC-01-0210,210,"A: Juan, 너 진짜 지금 뭐하는거야! 너 지금 일도 제대로 못하고 맨날 지각하고! 너 지금 짤리고 싶어? 
B: 죄송합니다. 
C: 사장님 무슨 일이세요?
A: 아무것도 아니에요. ","A: Juan, ¿qué estás haciendo? ¡No trabajas bien y siempre llegas tarde! ¿Quieres que te despida?
B: Lo siento. 
C: Señor, ¿qué ha pasado?
A: Nada. "
P-PA-PC-01-0211,211,"A: 왜 도대체 맨날 약속시간에 늦는거야? 왜 맨날 답은 안하고? 
B: 자기야 미안해. 
A: 맨날 미안하다면 다야? 
B: 하 알았어. 나 그냥 지금 갈게.","A: ¿Por qué siempre llegas tarde? ¿Por qué no me contestas nunca? 
B: Cariño, lo siento. 
A: ¿Con ""lo siento"" se arregla todo?
B: Bueno. Pues ya me voy. "
P-PA-PC-01-0212,212,"A: 내일부터 본격적인 항암치료가 시작될거에요. 힘들거에요. 머리도 점점 빠질거구요. 
B: 내가 원하던거네요!
A: 하하 그렇죠. 가발도 마음대로 고를수 있어요. 
B: 재밌으시네요. 이 병원에 코미디 부서도 있나봐요?  
A: 있죠. 월급 주는 부서요. ","A: Desde mañana empezamos el tratamiento contra el cáncer. Será muy duro y perderás poco a poco el pelo. 
B: ¡Justo lo que quería!
A: Jaja, sí. Podrás elegir cualquier peluca. 
B: Eres muy divertido. ¿Hay un departamento de comedia en este hospital?
A: Bueno, sí, el departamento de nóminas. "
P-PA-PC-01-0213,213,"A: 저는 제 남편을 너무 사랑해요. 
B: 그가 그렇게 매력적인가요? 
A: 네 잘생겼고, 요리도 잘해요. 노래도 잘하죠. 
B: 그런데 떠나요? ","A: Yo quiero mucho a mi marido. 
B: ¿Es muy atractivo?
A: Sí. Es guapo, cocina bien y canta muy bien. 
B: ¿Y por qué quieres dejarlo?"
P-PA-PC-01-0214,214,"A: 그 교수님 수업 진짜 어려워요. 과제도 너무 많고 우리에게 많은걸 바라는거 같아요. 시험도 어렵고요. 수업시간에 끊임없이 질문해요. 
B: 아 그래요? 
A: 네.. 모두가 그 수업을 싫어할거에요. 
B: 수업 드랍 방법 서류 지금 드릴게요. ","A: La clase de ese profesor es muy difícil. Hay muchos deberes y siempre nos exige mucho. El examen es muy difícil y nos pregunta mucho durante la clase. 
B: Ah, ¿sí?
A: Sí. Creo que todos odian esa clase. 
B: Ahora te doy el documento de cancelación de la clase. "
P-PA-PC-01-0215,215,"A: 엄마 나 혼자 자기 싫어요. 
B: 혼자 자야 착한 아이인데?  
A: 그래도 혼자 자기 싫어요. 
B: 산타할아버지에게 올해는 오지 말라고 해야겠네. ","A: No quiero dormir sola, mamá. 
B: Las niñas buenas duermen solas. 
A: No, aún no quiero dormir sola. 
B: Pues le diré a Papá Noel que no venga este año. "
P-PA-PC-01-0216,216,"A: 나 올해 시험 세개나 합격했어. 스페인어랑 회계사시험이랑 운전면허시험!
B: 운전면허시험도 시험이야? 
A: 왜 아니야? 
B: 대단한 천재 오셨네. ","A: Este año he aprobado tres exámenes. El DELE, el examen de contabilidad y el de conducir.  
B: ¿El examen de conducir también es un examen? 
A: ¿Por qué no? 
B: Aquí hay un gran genio. "
P-PA-PC-01-0217,217,"A: 지금 배가 너무 고파 죽을거 같아. 
B: 그래? 
A: 햄버거가 너무 먹고싶네. 
B: 1588-2000이야.","A: Me muero de hambre. 
B: ¿Sí?
A: Tengo muchas ganas de hamburguesa. 
B: Es 1588-2000. "
P-PA-PC-01-0218,218,"A: 집을 구하려고 해요. 방이 네개였으면 좋겠고 화장실도 두개에 수영장도 있었으면 좋겠어요. 
B: 원하는 월세 금액은요? 
A: 월 1000유로요. 
B: 하 날씨가 진짜 좋네요. 이 날씨에 어울리는 다른 동네로 가세요.  ","A: Quiero alquilar una casa. Quiero una casa con cuantro habitaciones, dos baños y una piscina. 
B: ¿Cuánto podrías pagar de alquile?
A: 1000 euros al mes. 
B: Hace buen tiempo. ¿y no querrías irte a otra ciudad con mejor tiempo? "
P-PA-PC-01-0219,219,"A: 프로젝트 잘 되어가요? 
B: 아니요. 각자 다른 의견을 말해서 진행이 안되네요.  
A: 하.. 사공이 많군요.  
B: 네.. 산으로 가고 있어요. ","A: ¿Cómo va el proyecto?
B: No.. todos da su opión, por eso no va bien. 
A: Ay.. hay muchos barqueros. 
B: Sí.. estamos yendo a la montaña. "
P-PA-PC-01-0220,220,"A: 그 유튜버는 항상 경제에 대해 많이 설명해서 나는 그가 전문가라고 생각했어요. 
B: 근데 아니래?
A: 아니래요. 경제를 전공한것도 아니고 그 분야에서 일한적도 없대요 
B: 아이고.. 빈수레가 요란하다더니","A: Ese youtuber siempre explica mucho de la economía, por eso pensaba que era especialista.
B: ¿Pero no?
A: No... su carrera no es de economía, y nunca ha trabajado en ese sector. 
B: Ya.. Perro ladrador, poco mordedor"
P-PA-PC-01-0221,221,"A: 계속 그렇게 걸으면 무릎 수술을 받아야할수도 있어요. 
B: 걷는 방법을 고치려고 하는데 어렵네요. 
A: 언제부터 그렇게 걸으셨어요? 
B: 세살 버릇 여든까지 가고 있어요. ","A: Si usted sigue andando así, tendrán que operarlo de la rodilla. 
B: He intentado cambiar la forma de andar, pero es difícil. 
A: ¿Desde cuándo anda así?
B: La cabra siempre tira al monte. "
P-PA-PC-01-0222,222,"A: 우리반 학생들은 아직 그걸 잘 모르지만 다들 함께 노력하고 있어요. 
B: 백지장도 맞들면 낫죠. ","A: Los estudiantes de mi clase lo intentan todo juntos aunque no lo sepan bien. 
B: La unión hace la fuerza. "
P-PA-PC-01-0223,223,"A: 그 팀은 더 못하는 팀인데 고작 주장을 하기 위해 그 팀으로 옮기는거야? 
B: 용의 꼬리보다 뱀의 머리가 되는게 낫다고 생각해. ","A: ¿Te vas a trasladar a ese equipo para ser el capitán aunque no juega bien?
B: Mas vale ser cabeza de ratón, que cola de león. "
P-PA-PC-01-0224,224,"A: 이 동전들로 뭐할거야? 
B: 내 금고에 모을거에요. 그리고 나중에 돈이 많이 모이면 유럽으로 여행 갈거에요. 
A: 그래. 티끌모아 태산이지. ","A: ¿Qué vas a hacer con estas monedas?
B: Voy a guardarlas en mi caja. Y luego cuando haya mucho dinero, voy a viajar a Europa. 
A: Vale... muchos pocos, hacen mucho. "
P-PA-PC-01-0225,225,"A: 그 선수는 맨날 금메달만 땄었는데 이번 대회에선 예선 탈락이래. 
B: 원숭이도 나무에서 떨어지는구나. ","A: Ese jugador siempre había ganado medallas de oro, pero en este partido, fue eliminado en la eliminatoria. 
B: No hay caballo, por bueno que sea, que no tropiece. "
P-PA-PC-01-0226,226,"나는 네가 화요일에 시간이 있는지 물어보고 싶어, 그리고 그렇다면 내 파티에 오면 좋을것 같아. ","Me pregunto si estás libre el martes y de ser así, si te gustaría venir a mi fiesta. "